Platform,Rank,Title,Release Date,Rating,Score,Description,Link,Image URL
PS5,1,Elden Ring,25-Feb-22,Rated M,96,"A New World Created By Hidetaka Miyazaki And George R. R. Martin

ELDEN RING, developed by FromSoftware, Inc. and BANDAI NAMCO Entertainment Inc., is a fantasy action-RPG adventure set within a world created by Hidetaka Miyazaki creator of the influential DARK SOULS video game series; and George R.R. Martin author of The New York Times best-selling fantasy series, A Song of Ice and Fire. Danger and discovery lurk around every corner in FromSoftware's largest game to-date. 

Hidetaka Miyazaki, President and Game Director of FromSoftware Inc. Known for directing critically-acclaimed games in beloved franchises including Armored Core, Dark Souls, and Sekiro: Shadows Die Twice. 

George R.R. Martin is the #1 New York Times bestselling author of many novels, including the acclaimed series A Song of Ice and Fire - A Game of Thrones, A Clash of Kings, A Storm of Swords, A Feast For Crows, and A Dance with Dragons. As a writer-producer, he has worked on The Twilight Zone, Beauty and the Beast, and various feature films and pilots that were never made.",https://www.metacritic.com/game/elden-ring/,https://github.com/sayheyakanksha/elden-ring-data-story-tableau/blob/main/game-images/Elden_Ring_Box_art.jpg?raw=true
PS5,2,Baldur's Gate 3,6-Sep-23,Rated M,96,"An ancient evil has returned to Baldur's Gate, intent on devouring it from the inside out. The fate of Faerun lies in your hands. Alone, you may resist. But together, you can overcome. Gather your party and return to the Forgotten Realms in a tale of fellowship and betrayal, sacrifice and survival, and the lure of absolute power. Mysterious abilities are awakening inside you, drawn from a mind flayer parasite planted in your brain. Resist, and turn darkness against itself. Or embrace corruption, and become ultimate evil.",https://www.metacritic.com/game/baldurs-gate-3/,https://raw.githubusercontent.com/sayheyakanksha/elden-ring-data-story-tableau/main/game-images/Baldur's_Gate_3_cover_art.jpg
PS5,3,Astro Bot,6-Sep-24,Rated E10+,94,"When the PS5 mothership is attacked by ASTRO’s long-standing galactic nemesis, scrambling its wires and scattering the crew throughout space, only ASTRO can make things right. Setting off on his biggest mission yet, he needs your help to rescue the stranded crew and rebuild the mothership. Make the most of ASTRO’s new power-ups, handcrafted to level up your immersion: from springy punches and rockets all the way to a giant sponge! Buckle up for some epic PlayStation camaraderie, join forces with your favourite PlayStation icons and show the universe that small is mighty in this fresh new ASTRO adventure, exclusive to PS5 consoles.",https://www.metacritic.com/game/astro-bot/,https://github.com/sayheyakanksha/elden-ring-data-story-tableau/blob/main/game-images/Astro_Bot_cover_art.jpg?raw=true
PS5,4,Elden Ring: Shadow of the Erdtree,21-Jun-24,Rated M,94,"Rise, Tarnished, and let us walk a new path together.

An upcoming expansion for ELDEN RING, Shadow of the Erdtree, is currently in development.

We hope you look forward to new adventures in the Lands Between.",https://www.metacritic.com/game/elden-ring-shadow-of-the-erdtree/,https://github.com/sayheyakanksha/elden-ring-data-story-tableau/blob/main/game-images/elden-ring-shadow-of-the-erdtree-tag-page-cover-art.jpg?raw=true
PS5,5,The Witcher 3: Wild Hunt - Complete Edition,14-Dec-22,Rated M,94,"You are Geralt of Rivia, mercenary monster slayer. Before you stands a war-torn, monster-infested continent you can explore at will. Your current contract? Tracking down Ciri — the Child of Prophecy, a living weapon that can alter the shape of the world. The Complete Edition contains the base game, offering a huge, over 100-hour long, open-world adventure, as well as both of its massive story expansions: Hearts of Stone & Blood and Wine worth an extra 50 hours of gameplay!  It also comes with all additional content released for the game, alongside new features and items, including a built-in Photo Mode, swords, armor, and alternate outfits inspired by The Witcher Netflix series — and more!

UPDATED FOR PLAYSTATION 5
Behold the dark fantasy world of the Continent like never before! This edition of The Witcher 3: Wild Hunt has been enhanced with numerous visual and technical improvements, including vastly improved level of detail, faster loading times, a range of community created and newly developed mods for the game, real-time ray tracing, 3D audio support, and more — all implemented with the power of the PlayStation 5 in mind. The game also utilizes the unique features of the Dual Sense controller, with its advanced haptics and adaptive triggers, letting you immerse yourself in the adventure even more!

PLAY AS A HIGHLY TRAINED MONSTER SLAYER FOR HIRE
-Trained from early childhood and mutated to gain superhuman skills, strength, and reflexes, witchers are a counterbalance to the monster-infested world in which they live.
-Gruesomely destroy foes as a professional monster hunter armed with a range of upgradeable weapons, mutating potions, and combat magic.
-Hunt down a wide variety of exotic monsters, from savage beasts prowling mountain passes to cunning supernatural predators lurking in the shadowy back alleys of densely populated cities.
-Invest your rewards to upgrade your weaponry and buy custom armor, or spend them on horse races, card games, fist fighting, and other pleasures life brings.

EXPLORE A MORALLY AMBIGUOUS FANTASY OPEN WORLD
-Built for endless adventure, the massive open world of The Witcher sets new standards in terms of size, depth, and complexity.
-Traverse a fantastical open world: explore forgotten ruins, caves, and shipwrecks, trade with merchants and dwarven smiths in cities, and hunt across the open plains, mountains, and seas.
-Deal with treasonous generals, devious witches, and corrupt royalty to provide dark and dangerous services.
-Make choices that go beyond good & evil, and face their far-reaching consequences.

TRACK DOWN THE CHILD OF PROPHECY
-Take on the most important contract of your life: to track down the child of prophecy, the key to saving or destroying this world.
-In times of war, chase down the child of prophecy, a living weapon foretold by ancient elven legends.
-Struggle against ferocious rulers, spirits of the wilds, and even a threat from beyond the veil – all hell-bent on controlling this world.
-Define your destiny in a world that may not be worth saving.",https://www.metacritic.com/game/the-witcher-3-wild-hunt-complete-edition/,https://github.com/sayheyakanksha/elden-ring-data-story-tableau/blob/main/game-images/Witcher_3_cover_art.jpg?raw=true
PS5,6,Metaphor: ReFantazio,11-Oct-24,Rated T,94,"From the creative minds behind Persona 3, 4, and 5 comes Metaphor: ReFantazio, a unique fantasy world, where your protagonist will journey alongside his fairy companion, Gallica, to lift the curse from the kingdom’s lost prince. Control your destiny, face your fears and awaken magical ""Archetype"" powers that lie dormant in your heart. By awakening to an “Archetype,” you will unlock the power to channel and combine the abilities of unique job classes. Strengthen your bonds and build your party to take down powerful foes and discover the kingdom’s true nature.

-Go on uests, dungeon dive, & hunt for treasures by day. Strengthen relationships, build bonds, & increase virtues by night. Choose your actions wisely, time management is key to achieving your goal. 

Ride your “gauntlet runner” to faraway dungeons & towns across an expansive world. Discover beautiful landscapes  accompanied by captivating music, immersive UI, & anime cutscenes.

A unique battle system combining turn based & real time action grants strategy & exhilaration at every turn. Party customization through “Archetypes” provides freedom to personalize your adventure. 

A mysterious & exciting story unfolds in a world where people must fight their own anxiety. Join the high-stakes Royal Tournament that promises hours of captivating exploration and discovery.",https://www.metacritic.com/game/metaphor-refantazio/,https://www.metacritic.com/a/img/resize/9576fc3181483a2ca8c2742b1a2faae7ef008aaf/catalog/provider/7/2/7-1727501371.jpg?auto=webp&fit=cover&height=132&width=88
PS5,7,God of War: Ragnarok,9-Nov-22,Rated M,94,"The freezing winds of Fimbulwinter have come to Midgard, making survival for Kratos, Atreus, and Mimir in the Norse wilds even more challenging than before.  Kratos, still bearing the knowledge of his past mistakes, wants to spare Atreus the bloody lessons he learned from his conflict with gods. He wants to keep his son safe, above all, and their confrontation with Baldur has vindicated the belief that only tragedy will come from further entanglements with the Aesir. Together, Kratos and Atreus will have to make a choice about which path they will take. Whatever they choose will define the fate of all those living in the Nine Realms as Ragnarok approaches. Whatever your choice of combat strategy, the enemies that await in God of War Ragnarök will be ready. The realms have grown harsher, and a whole host of new creatures from across Norse mythology will test your skills. God of War Ragnarök will take you to the previously unreachable Vanaheim, Svartalfheim, and Asgard - as well as to new areas from locations featured in the last game. Exploring the realms will take you everywhere from verdant, otherworldly jungles to intricate subterranean mining networks. This next installment in the series will bring you a more diverse, beautiful, and mysterious variety of locations than in any other God of War game.",https://www.metacritic.com/game/god-of-war-ragnarok/,https://www.metacritic.com/a/img/resize/94eecfb8841c05d41b519cd6141e11b848a3a04b/catalog/provider/6/3/6-1-905093-13.jpg?auto=webp&fit=cover&height=132&width=88
PS5,8,Hades,13-Aug-21,Rated T,93,"Defy the god of the dead as you hack and slash out of the Underworld in this rogue-like dungeon crawler from the creators of Bastion, Transistor, and Pyre.  Hades is a god-like rogue-like dungeon crawler that combines the best aspects of Supergiant's critically acclaimed titles, including the fast-paced action of Bastion, the rich atmosphere and depth of Transistor, and the character-driven storytelling of Pyre. BATTLE OUT OF HELL. As the immortal Prince of the Underworld, you'll wield the powers and mythic weapons of Olympus to break free from the clutches of the god of the dead himself, while growing stronger and unraveling more of the story with each unique escape attempt.

UNLEASH THE FURY OF OLYMPUS
The Olympians have your back! Meet Zeus, Athena, Poseidon, and many more, and choose from their dozens of powerful Boons that enhance your abilities. There are thousands of viable character builds to discover as you go.

BEFRIEND GODS, GHOSTS, AND MONSTERS
A fully-voiced cast of colorful, larger-than-life characters is waiting to meet you! Grow your relationships with them, and experience thousands of unique story events as you learn about what's really at stake for this big, dysfunctional family.

BUILT FOR REPLAYABILITY
New surprises await each time you delve into the ever-shifting Underworld, whose guardian bosses will remember you. Use the powerful Mirror of Night to grow permanently stronger, and give yourself a leg up the next time you run away from home.

NOTHING IS IMPOSSIBLE
Permanent upgrades mean you don't have to be a god yourself to experience the exciting combat and gripping story. Though, if you happen to be one, crank up the challenge and get ready for some white-knuckle action that will put your well-practiced skills to the test. 

SIGNATURE SUPERGIANT STYLE
The rich, atmospheric presentation and unique melding of gameplay and narrative that's been core to Supergiant's games is here in full force: spectacular hand-painted environments and a blood-pumping original score bring the Underworld to life.",https://www.metacritic.com/game/hades/,https://www.metacritic.com/a/img/resize/5d47054c674d0daabf7d2cabe0783c840560e401/catalog/provider/6/3/6-1-803479-13.jpg?auto=webp&fit=cover&height=132&width=88
PS5,9,Tetris Effect: Connected,22-Feb-23,Rated E,93,"Tetris® Effect: Connected adds an all-new robust multiplayer expansion to the huge variety of addictive and innovative single-player modes that Tetris Effect is known for with all-new co-op and competitive online and local multiplayer modes. Tetris Effect is Tetris® like you've never seen it, or heard it, or felt it before—an incredibly addictive, unique, and breathtakingly gorgeous reinvention of one of the most popular puzzle games of all time, from the people who brought you the award-winning Rez Infinite and legendary puzzle game Lumines. Music, backgrounds, sounds, special effects—everything, down to the Tetris pieces themselves, pulse, dance, shimmer, and explode in perfect sync with how you're playing, making any of the game's 30+ stages and 10+ modes something you'll want to experience over and over again. A challenge for the mind and a feast for all the senses, Tetris Effect: Connected is the perfect excuse to play Tetris again... and again...and again, and again, and again and again and again and again and again and again and... Game leverages Smart Delivery allowing access to both the Xbox One title and the Xbox Series X|S title when available.",https://www.metacritic.com/game/tetris-effect-connected/,https://www.metacritic.com/a/img/resize/8da1ad36077653b0266907d6b7d54b2bdf367dbd/catalog/provider/6/12/6-1-915600-52.jpg?auto=webp&fit=cover&height=132&width=88
PS5,10,Resident Evil 4,24-Mar-23,Rated M,93,"Resident Evil 4, 2005’s legendary survival horror, is brought fully up-to-date in this ground-up remake. Six years after the events of Resident Evil 2, Raccoon City survivor Leon Kennedy has been dispatched to a secluded European village to investigate the disappearance of the US president’s daughter. What he discovers there is unlike anything he has faced before. Every aspect of the classic game has been updated for the current generation, from modernized graphics and controls, to a reimagined storyline that may surprise even hardened fans of the original game.",https://www.metacritic.com/game/resident-evil-4/,https://www.metacritic.com/a/img/resize/50c9af8a4748baa3f08c51a30d18e0ae1a1ceaca/catalog/provider/6/3/6-1-899576-13.jpg?auto=webp&fit=cover&height=132&width=88
PS5,11,Final Fantasy VII Rebirth,29-Feb-24,Rated T,92,"FINAL FANTASY VII REBIRTH is the  new story in the FINAL FANTASY VII remake project, a reimagining of the iconic original game into three standalone titles by its original creators. In this game, players will enjoy various new elements as the story unfolds, culminating in the party’s journey to “The Forgotten Capital” from the original FINAL FANTASY VII. Cloud and his comrades escape the city of Midgar in pursuit of the fallen hero, Sephiroth. As they travel across the world, they find themselves on a journey that will decide the fate of the planet. In this standalone adventure for fans and newcomers, Cloud and his comrades venture across the planet, their fates unwritten, making each step outside the dystopian city of Midgar fresh and mysterious. [Square Enix]",https://www.metacritic.com/game/final-fantasy-vii-rebirth/,
PS5,12,Forza Horizon 5,29-Apr-25,,92,"Your Ultimate Horizon Adventure awaits! Explore the vibrant and ever-evolving open world landscapes of Mexico with limitless, fun driving action in hundreds of the world’s greatest cars.",https://www.metacritic.com/game/forza-horizon-5/,
PS5,13,Clair Obscur: Expedition 33,24-Apr-25,Rated M,92,"Once a year, the Paintress wakes and paints upon her monolith. Paints her cursed number. And everyone of that age turns to smoke and fades away. Year by year, that number ticks down and more of us are erased. Tomorrow she’ll wake and paint “33.” And tomorrow we depart on our final mission - Destroy the Paintress, so she can never paint death again. We are Expedition 33. Clair Obscur: Expedition 33 is a turn-based RPG with unique real-time mechanics, making battles more immersive and addictive than ever. Explore a fantasy world inspired by Belle Époque France in which you battle devastating enemies. In this evolution of JRPGs, real-time actions enhance the heart of turn-based combat. Craft unique builds for your Expeditioners that fit your playstyle via gear, stats, skills, and character synergies. Open an active dimension in combat - dodge, parry, and counter in real time, chain combos by mastering attack rhythms, and target enemy weak points using a free aim system. With only one year left to live, join Gustave, Maelle, and their fellow Expeditioners as they embark upon a desperate quest to break the Paintress’ cycle of death. Follow the trail of previous expeditions and discover their fate. Get to know the members of Expedition 33 as they learn to work together against impossible odds. Explore an enchanting realm populated by surreal adversaries. Wander through breathtaking landscapes, from the Island of Visages to the Forgotten Battlefield, discovering secrets and hidden quests along the way. Find allies of fortune in creatures of legend. Recruit special companions to access new travel methods and discover secret areas in the World Map.",https://www.metacritic.com/game/clair-obscur-expedition-33/,
PS5,14,Demon's Souls,11-Nov-20,Rated M,92,"From PlayStation Studios and Bluepoint Games comes a remake of the PlayStation classic, Demon’s Souls. Entirely rebuilt from the ground up and masterfully enhanced, this remake introduces the horrors of a fog-laden, dark fantasy land to a whole new generation of gamers. Those who’ve faced its trials and tribulations before, can once again challenge the darkness in stunning visual quality and incredible performance. In his quest for power, the 12th King of Boletaria, King Allant channelled the ancient Soul Arts, awakening a demon from the dawn of time itself, The Old One. With the summoning of The Old One, a colorless fog swept across the land, unleashing nightmarish creatures that hungered for human souls. Those whose souls were stripped from them, lost their minds – left only with the desire to attack the sane that remained. Now, Boletaria is cut off from the outside world, and the knights who dare penetrate the deep fog to free the land from its plight, are never seen again. As a lone warrior who has braved the baneful fog, you must face the hardest of challenges to earn the title “Slayer of Demons” and send The Old One back to its slumber.",https://www.metacritic.com/game/demons-souls/,
PS5,15,Street Fighter 6,2-Jun-23,Rated T,92,"Powered by Capcom’s proprietary RE ENGINE, the Street Fighter 6 experience spans across three distinct game modes featuring World Tour, Fighting Ground and Battle Hub. Diverse Roster of 18 Fighters. Play legendary masters and new fan favorites like Ryu, Chun-Li, Luke, Jamie, Kimberly and more in this latest edition with each character featuring striking new redesigns and exhilarating cinematic specials. Street Fighter 6 offers a highly evolved combat system with three control types - Classic, Modern and Dynamic - allowing you to quickly play to your skill level. The new Real Time Commentary Feature adds all the hype of a competitive match as well as easy-to-understand explanations about your gameplay. The Drive Gauge is a new system to manage your resources. Use it wisely in order to claim victory.",https://www.metacritic.com/game/street-fighter-6/,
PS5,16,Slay The Princess - The Pristine Cut,24-Oct-24,Rated M,91,"You're on a path in the woods, and at the end of that path is a cabin. And in the basement of that cabin is a Princess.

You're here to slay her. If you don't, it will be the end of the world.

She will do everything in her power to stop you. She'll charm, and she'll lie, and she'll promise you the world, and if you let her, she'll kill you a dozen times over. You can't let that happen.

You do care about the fate of the world, right?

Slay the Princess - The Pristine Cut is a fully voice-acted horror tragicomedy featuring the impeccable talents of Jonathan Sims and Nichole Goodnight, with lovingly hand-penciled frames by Ignatz-winning graphic novelist Abby Howard.

This game features a princess. She's very bad and you have to get rid of her for all our sakes. She's just an ordinary human Princess, and you can definitely slay her as long as you put your mind to it. Hopefully you won't die. But if you do, you'll die a lot. Be careful and stay focused on the task at hand! What you say and what you believe will shift the story in dramatic ways.

Ah, but what’s in the Pristine Cut? Are you sure you want to find out? If you do, you’re likely to discover things that are best left experienced directly. Seriously, turn back.

…

Oh, you’re still reading? Very well, I shall tell you. The Pristine Cut contains, precisely:

- 3 brand new chapters replete with mysteries—and consequences.
- Never before seen Princesses who will all murder you without a second thought.
- Expansions to familiar routes: The Den, The Apotheosis and The Fury each have more than doubled in length.
- Over 35% more content overall—and all of it filled with great opportunities to listen to me and do your job.
- A new ending. And hopefully one that saves the world rather than damns it.
- Gallery to Track Your Progress: Cherish your memories, relive your exploits, and uncover deeply hidden secrets with the new gallery feature.
- Over 1,200 New Hand-Penciled Frames hand-illustrated by Abby Howard.
- Over 2,500 New Lines of Dialogue fully voiced dialogue by the impeccable Jonathan Sims and Nichole Goodnight.",https://www.metacritic.com/game/slay-the-princess-the-pristine-cut/,
PS5,17,Split Fiction,6-Mar-25,Rated T,91,"Embrace mind-blowing moments as you’re pulled deep into the many worlds of Split Fiction, a boundary-pushing co-op action adventure from the studio behind 2021 Game of the Year Winner, It Takes Two. Mio and Zoe are contrasting writers – one writes sci-fi and the other writes fantasy – who become trapped in their own stories after being hooked up to a machine designed to steal their creative ideas. They’ll have to rely on each other to break free with their memories in-tact, working together to master a variety of abilities and overcome diverse challenges while jumping between sci-fi and fantasy worlds in this unexpected tale of friendship. Split Fiction is a unique action-adventure experience that keeps you on the edge of your couch with unexpected moments. One minute you’re taming adorable dragons and the next you’re fighting as cyber ninjas, escaping terrifying trolls, or dodging hover cars thrown by a robotic parking attendant. It’s weird, it’s wild, and it’s designed to be shared. Grab your co-op partner and get ready to overcome any obstacle thrown your way.",https://www.metacritic.com/game/split-fiction/,
PS5,18,Persona 5 Royal,21-Oct-22,Rated M,91,"Prepare for an all-new RPG experience in Persona 5 Royal based in the universe of the award-winning series, Persona! Don the mask of Joker and join the Phantom Thieves of Hearts. Break free from the chains of modern society and stage grand heists to infiltrate the minds of the corrupt and make them change their ways! Persona 5 Royal is packed with new characters, confidants, story depth, new locations to explore, and a new grappling hook mechanic for stealthy access to new areas. With a new semester at Shujin Academy, get ready to strengthen your abilities in the metaverse and in your daily life. Persona 5 Royal presents a unique visual style and award nominated composer Shoji Meguro returns with an all-new soundtrack. Explore Tokyo, unlock new Personas, customize your own personal Thieves Den, discover a never-before-seen story arc, cutscenes, alternate endings, and more! Even for the most seasoned Phantom Thieves among us, Persona 5 Royal is a new challenge to defy conventions, discover the power within, and fight for justice. Wear the mask. Reveal your truth.",https://www.metacritic.com/game/persona-5-royal/,
PS5,19,DAVE THE DIVER,16-Apr-24,Rated E10+,91,"Welcome to 'DAVE THE DIVER', a marine adventure set in the mysterious Blue Hole. 

Explore the sea with Dave by day, and run a sushi restaurant at night. Uncover the secrets of the Blue Hole, and unwrap this deep sea mystery involving 3 friends, each with distinct personalities.",https://www.metacritic.com/game/dave-the-diver/,
PS5,20,Rogue Legacy 2,20-Jun-23,Rated E10+,90,"Rogue Legacy is back! But now it's got a 2 on the end of it!

Rogue Legacy 2 is a genealogical rogue-LITE. That means it has all the trappings of a typical rogue-like (randomized runs, changing characters, and more), but with persistent upgrades, and persistent dead heirs.

In this game, your legacy defines you. Spend your parents' inheritance and grow the family manor to give your children a better fighting chance. Each child is unique, with their own traits and abilities. Your daughter could be a Ranger. She could also be vegan. It's a new experience every time.

Rogue Legacy 2 also lets you play how you want to. Go hard and fast, and dive deeper into the depths of a randomly-generated world. Or take it slow and steady and build your character up until you're ready for greater challenges.",https://www.metacritic.com/game/rogue-legacy-2/,
PS5,21,Citizen Sleeper 2: Starward Vector,31-Jan-25,Rated T,90,"You are a Sleeper, a corporate-owned android hiding out in the Starward Belt at the edge of the Helion System. After a desperate attempt to free yourself from servitude by rewriting the very code that governs your system, you are on the run with a malfunctioning body, a price on your head and no memory of your past.

You stole a ship and left the past behind. Keep it running, maintain it, even upgrade it, and maybe it will carry you away from all this. But you can't run it alone. You'll need a crew, and while the Belt is full of those looking for work, it's also full of trouble. 

Can you hold the ship together through this crisis? Can you build a refuge here, among the stars?",https://www.metacritic.com/game/citizen-sleeper-2-starward-vector/,
PS5,22,Marvel's Spider-Man 2,20-Oct-23,Rated T,90,"Spider-Men, Peter Parker and Miles Morales, return for an exciting new adventure in Marvel’s Spider-Man franchise for PS5. Swing, jump and utilize the new Web Wings to travel across Marvel’s New York, quickly switching between Peter Parker and Miles Morales to experience different stories and epic new powers, as the iconic villain Venom threatens to destroy their lives, their city and the ones they love. The incredible power of the symbiote forces Peter and Miles to face the ultimate test of strength, both inside and outside the mask, as they balance their lives, friendships and their duty to protect those in need. Quickly swap between both Spider-Men as you explore an expanded Marvel’s New York. Fight against a variety of new and iconic villains, including an original take on the monstrous Venom, the ruthless Kraven the Hunter, the volatile Lizard and many more. Explore a larger Marvel’s New York than ever before, featuring two new boroughs – Brooklyn and Queens – as well as locations like Coney Island and more.",https://www.metacritic.com/game/marvels-spider-man-2/,
PS5,23,Destiny 2: The Final Shape,4-Jun-24,Rated T,90,"In Destiny 2: The Final Shape, Guardians confront oblivion in the form of their ultimate adversary –The Witness – alongside their iconic Vanguard companions: Ikora Rey, Commander Zavala, and the mysteriously returned Cayde-6. Players embark on a perilous journey of remembrance and discovery into the heart of the Traveler, rally the Vanguard, and end the War of Light and Darkness. The story of this final confrontation is told throughout the course of The Final Shape’s campaign, as well as in the new raid that launches in March 2024.",https://www.metacritic.com/game/destiny-2-the-final-shape/,
PS5,24,Cocoon,29-Sep-23,Rated E,90,"From Jeppe Carlsen, the lead gameplay designer of LIMBO and INSIDE - COCOON takes you on an adventure across worlds within worlds. Master world-leaping mechanics to unravel a cosmic mystery.

COCOON is a unique take on the puzzle adventure genre, where each world exists within an orb that you can carry on your back. Wrap your head around the core mechanic of leaping between worlds - and combine, manipulate, and rearrange them to solve intricate puzzles

Interact with alien environments and biomechanical devices left behind by an ancient civilization. Journey through unique and diverse biomes, from industrial structures to massive organic caverns, and discover how they are connected to one another.",https://www.metacritic.com/game/cocoon/,
Xbox,1,Baldur's Gate 3,8-Dec-23,Rated M,99,"An ancient evil has returned to Baldur's Gate, intent on devouring it from the inside out. The fate of Faerun lies in your hands. Alone, you may resist. But together, you can overcome. Gather your party and return to the Forgotten Realms in a tale of fellowship and betrayal, sacrifice and survival, and the lure of absolute power. Mysterious abilities are awakening inside you, drawn from a mind flayer parasite planted in your brain. Resist, and turn darkness against itself. Or embrace corruption, and become ultimate evil.",https://www.metacritic.com/game/baldurs-gate-3/,https://raw.githubusercontent.com/sayheyakanksha/elden-ring-data-story-tableau/refs/heads/main/game-images/Baldur's_Gate_3_cover_art.jpg
Xbox,2,Elden Ring,25-Feb-22,Rated M,96,"A New World Created By Hidetaka Miyazaki And George R. R. Martin. ELDEN RING, developed by FromSoftware, Inc. and BANDAI NAMCO Entertainment Inc., is a fantasy action-RPG adventure set within a world created by Hidetaka Miyazaki creator of the influential DARK SOULS video game series; and George R.R. Martin author of The New York Times best-selling fantasy series, A Song of Ice and Fire. Danger and discovery lurk around every corner in FromSoftware's largest game to-date.  Hidetaka Miyazaki, President and Game Director of FromSoftware Inc. Known for directing critically-acclaimed games in beloved franchises including Armored Core, Dark Souls, and Sekiro: Shadows Die Twice.  George R.R. Martin is the #1 New York Times bestselling author of many novels, including the acclaimed series A Song of Ice and Fire - A Game of Thrones, A Clash of Kings, A Storm of Swords, A Feast For Crows, and A Dance with Dragons. As a writer-producer, he has worked on The Twilight Zone, Beauty and the Beast, and various feature films and pilots that were never made.",https://www.metacritic.com/game/elden-ring/,https://github.com/sayheyakanksha/elden-ring-data-story-tableau/blob/main/game-images/Elden_Ring_Box_art.jpg?raw=true
Xbox,3,Elden Ring: Shadow of the Erdtree,21-Jun-24,Rated M,95,"Rise, Tarnished, and let us walk a new path together.

An upcoming expansion for ELDEN RING, Shadow of the Erdtree, is currently in development.

We hope you look forward to new adventures in the Lands Between.",https://www.metacritic.com/game/elden-ring-shadow-of-the-erdtree/,https://github.com/sayheyakanksha/elden-ring-data-story-tableau/blob/main/game-images/elden-ring-shadow-of-the-erdtree-tag-page-cover-art.jpg?raw=true
Xbox,4,Persona 5 Royal,21-Oct-22,Rated M,94,"Prepare for an all-new RPG experience in Persona 5 Royal based in the universe of the award-winning series, Persona! Don the mask of Joker and join the Phantom Thieves of Hearts. Break free from the chains of modern society and stage grand heists to infiltrate the minds of the corrupt and make them change their ways! Persona 5 Royal is packed with new characters, confidants, story depth, new locations to explore, and a new grappling hook mechanic for stealthy access to new areas. With a new semester at Shujin Academy, get ready to strengthen your abilities in the metaverse and in your daily life. Persona 5 Royal presents a unique visual style and award nominated composer Shoji Meguro returns with an all-new soundtrack. Explore Tokyo, unlock new Personas, customize your own personal Thieves Den, discover a never-before-seen story arc, cutscenes, alternate endings, and more! Even for the most seasoned Phantom Thieves among us, Persona 5 Royal is a new challenge to defy conventions, discover the power within, and fight for justice. Wear the mask. Reveal your truth.",https://www.metacritic.com/game/persona-5-royal/,https://github.com/sayheyakanksha/elden-ring-data-story-tableau/blob/main/game-images/Persona_5_cover_art.jpg?raw=true
Xbox,5,The Witcher 3: Wild Hunt - Complete Edition,26-Jan-23,Rated M,94,"The Complete Edition includes The Witcher 3: Wild Hunt, all 16 DLC packs, and two Expansion Packs: Hearts of Stone & Blood and Wine.",https://www.metacritic.com/game/the-witcher-3-wild-hunt-complete-edition/,https://github.com/sayheyakanksha/elden-ring-data-story-tableau/blob/main/game-images/Witcher_3_cover_art.jpg?raw=true
Xbox,6,Clair Obscur: Expedition 33,24-Apr-25,Rated M,93,"Once a year, the Paintress wakes and paints upon her monolith. Paints her cursed number. And everyone of that age turns to smoke and fades away. Year by year, that number ticks down and more of us are erased. Tomorrow she’ll wake and paint “33.” And tomorrow we depart on our final mission - Destroy the Paintress, so she can never paint death again. We are Expedition 33. Clair Obscur: Expedition 33 is a turn-based RPG with unique real-time mechanics, making battles more immersive and addictive than ever. Explore a fantasy world inspired by Belle Époque France in which you battle devastating enemies. In this evolution of JRPGs, real-time actions enhance the heart of turn-based combat. Craft unique builds for your Expeditioners that fit your playstyle via gear, stats, skills, and character synergies. Open an active dimension in combat - dodge, parry, and counter in real time, chain combos by mastering attack rhythms, and target enemy weak points using a free aim system. With only one year left to live, join Gustave, Maelle, and their fellow Expeditioners as they embark upon a desperate quest to break the Paintress’ cycle of death. Follow the trail of previous expeditions and discover their fate. Get to know the members of Expedition 33 as they learn to work together against impossible odds. Explore an enchanting realm populated by surreal adversaries. Wander through breathtaking landscapes, from the Island of Visages to the Forgotten Battlefield, discovering secrets and hidden quests along the way. Find allies of fortune in creatures of legend. Recruit special companions to access new travel methods and discover secret areas in the World Map.",https://www.metacritic.com/game/clair-obscur-expedition-33/,https://www.metacritic.com/a/img/resize/d10f11e4467beb5d7d1c96afec5365e1c39a0789/catalog/provider/7/2/7-1743138109.jpg?auto=webp&fit=cover&height=132&width=88
Xbox,7,Hades,13-Aug-21,Rated T,93,"Defy the god of the dead as you hack and slash out of the Underworld in this rogue-like dungeon crawler from the creators of Bastion, Transistor, and Pyre.  Hades is a god-like rogue-like dungeon crawler that combines the best aspects of Supergiant's critically acclaimed titles, including the fast-paced action of Bastion, the rich atmosphere and depth of Transistor, and the character-driven storytelling of Pyre.

BATTLE OUT OF HELL
As the immortal Prince of the Underworld, you'll wield the powers and mythic weapons of Olympus to break free from the clutches of the god of the dead himself, while growing stronger and unraveling more of the story with each unique escape attempt.

UNLEASH THE FURY OF OLYMPUS
The Olympians have your back! Meet Zeus, Athena, Poseidon, and many more, and choose from their dozens of powerful Boons that enhance your abilities. There are thousands of viable character builds to discover as you go.

BEFRIEND GODS, GHOSTS, AND MONSTERS
A fully-voiced cast of colorful, larger-than-life characters is waiting to meet you! Grow your relationships with them, and experience thousands of unique story events as you learn about what's really at stake for this big, dysfunctional family.

BUILT FOR REPLAYABILITY
New surprises await each time you delve into the ever-shifting Underworld, whose guardian bosses will remember you. Use the powerful Mirror of Night to grow permanently stronger, and give yourself a leg up the next time you run away from home.

NOTHING IS IMPOSSIBLE
Permanent upgrades mean you don't have to be a god yourself to experience the exciting combat and gripping story. Though, if you happen to be one, crank up the challenge and get ready for some white-knuckle action that will put your well-practiced skills to the test. 

SIGNATURE SUPERGIANT STYLE
The rich, atmospheric presentation and unique melding of gameplay and narrative that's been core to Supergiant's games is here in full force: spectacular hand-painted environments and a blood-pumping original score bring the Underworld to life.",https://www.metacritic.com/game/hades/,https://www.metacritic.com/a/img/resize/4e8ce807aadf9e018e77941312b801afee57cc09/catalog/provider/6/12/6-1-803276-52.jpg?auto=webp&fit=cover&height=132&width=88
Xbox,8,The Stanley Parable: Ultra Deluxe,27-Apr-22,Rated E10+,93,"The Stanley Parable: Ultra Deluxe is an expanded re-imagining of 2013's The Stanley Parable. You will play as Stanley, and you will not play as Stanley. You will make a choice, and you will become powerless. You are not here to win. The Stanley Parable is a game that plays you.",https://www.metacritic.com/game/the-stanley-parable-ultra-deluxe/,https://www.metacritic.com/a/img/resize/b16522b5625ba6ee5f1adabde9cfb29e0e2ff2e7/catalog/provider/6/12/6-1-863178-52.jpg?auto=webp&fit=cover&height=132&width=88
Xbox,9,Split Fiction,6-Mar-25,Rated T,93,"Embrace mind-blowing moments as you’re pulled deep into the many worlds of Split Fiction, a boundary-pushing co-op action adventure from the studio behind 2021 Game of the Year Winner, It Takes Two. Mio and Zoe are contrasting writers – one writes sci-fi and the other writes fantasy – who become trapped in their own stories after being hooked up to a machine designed to steal their creative ideas. They’ll have to rely on each other to break free with their memories in-tact, working together to master a variety of abilities and overcome diverse challenges while jumping between sci-fi and fantasy worlds in this unexpected tale of friendship. Split Fiction is a unique action-adventure experience that keeps you on the edge of your couch with unexpected moments. One minute you’re taming adorable dragons and the next you’re fighting as cyber ninjas, escaping terrifying trolls, or dodging hover cars thrown by a robotic parking attendant. It’s weird, it’s wild, and it’s designed to be shared. Grab your co-op partner and get ready to overcome any obstacle thrown your way.",https://www.metacritic.com/game/split-fiction/,https://www.metacritic.com/a/img/resize/233763f4bd3bd44d883b7ed0d415ca9a767fe1e2/catalog/provider/7/2/7-1737839764.jpg?auto=webp&fit=cover&height=132&width=88
Xbox,10,Forza Horizon 5,5-Nov-21,Rated E,92,"Your Ultimate Horizon Adventure awaits! Explore the vibrant and ever-evolving open world landscapes of Mexico with limitless, fun driving action in hundreds of the world’s greatest cars.",https://www.metacritic.com/game/forza-horizon-5/,https://www.metacritic.com/a/img/resize/21014fb953fc972f5c6bbdedc1503ba89d03aa10/catalog/provider/6/12/6-1-803530-52.jpg?auto=webp&fit=cover&height=132&width=88
Xbox,11,Like a Dragon: Infinite Wealth,26-Jan-24,Rated M,92,"EPIC EMOTIONAL DRAMA
Two larger-than-life heroes brought together by the hand of fate, or perhaps something more sinister…
Ichiban Kasuga, an unstoppable underdog who’s no stranger to crawling up from rock bottom, and Kazuma Kiryu, a broken man facing down his last days.
BEST-IN-CLASS RPG ACTION
Experience one-of-a-kind combat with dynamic, fast-paced RPG battles where the battlefield becomes your weapon, and anything goes.
Adapt your party’s skills to the situation with outlandish jobs and customizations to strategically subdue enemies with over-the-top moves.
INFINITE ADVENTURE
Live it up in Japan and explore all that Hawaii has to offer in an adventure so big it spans the Pacific.
Unforgettable moments await at every step of the journey with a unique mix of quests and activities to enjoy at your leisure.",https://www.metacritic.com/game/like-a-dragon-infinite-wealth/,
Xbox,12,Metaphor: ReFantazio,11-Oct-24,Rated T,92,"From the creative minds behind Persona 3, 4, and 5 comes Metaphor: ReFantazio, a unique fantasy world, where your protagonist will journey alongside his fairy companion, Gallica, to lift the curse from the kingdom’s lost prince. Control your destiny, face your fears and awaken magical ""Archetype"" powers that lie dormant in your heart. By awakening to an “Archetype,” you will unlock the power to channel and combine the abilities of unique job classes. Strengthen your bonds and build your party to take down powerful foes and discover the kingdom’s true nature.

-Go on uests, dungeon dive, & hunt for treasures by day. Strengthen relationships, build bonds, & increase virtues by night. Choose your actions wisely, time management is key to achieving your goal. 

Ride your “gauntlet runner” to faraway dungeons & towns across an expansive world. Discover beautiful landscapes  accompanied by captivating music, immersive UI, & anime cutscenes.

A unique battle system combining turn based & real time action grants strategy & exhilaration at every turn. Party customization through “Archetypes” provides freedom to personalize your adventure. 

A mysterious & exciting story unfolds in a world where people must fight their own anxiety. Join the high-stakes Royal Tournament that promises hours of captivating exploration and discovery.",https://www.metacritic.com/game/metaphor-refantazio/,
Xbox,13,Shin Megami Tensei V: Vengeance,14-Jun-24,Rated M,92,"Embark on this definitive version of the critically acclaimed Shin Megami Tensei V, massively expanded with a brand-new storyline featuring new locations, demons, and choices to make that will dictate the fate of all existence.",https://www.metacritic.com/game/shin-megami-tensei-v-vengeance/,
Xbox,14,Diablo IV,6-Jun-23,Rated M,91,"MEET YOUR MAKER - Lilith has returned to Santuary, summoned by a dark ritual after eons in exile. Her return ushers in a new era of misery and darkness.

LEGIONS OF CREATION
An old legend has it that Sanctuary was created by the union of an Angel and a Demon, and that their descendants --- humanity --- built villages, then cities and empires, spreading across the land to form the world's cultures and civilization.

A REIGN OF ENMITY
Chaos threatens to consume Sanctuary as evil and impeity continue to spread. Depraved demons and corrupted wildlife roam the land unchecked, as terrified townsfolk huddle in dark corners trying to survive one more day.

CULT OF PERSONALITY
The pious plead for guidance from their faith, but doubts have them feeling that their devotion is misplaced. Lilith's return has spawned a new wave of cultists and worshippers, but regardless of dogma, all prayers remain unanswered.

DAUGHTER OF HATRED
The daughter of Mephisto awakens burning urges in the hearts of those around her, be it demon, human or beast. Profound fears, unchecked rage, repressed impulses, sinful desires --- all are brought forth violently and irresistibly by her mere presence.

UNSTOPPABLE EVIL
As darkness returns to sanctuary, a brave few dare to face this threat. But what fate awaits them in a land forsaken by hope, valor, wisdom, and justice?",https://www.metacritic.com/game/diablo-iv/,
Xbox,15,Resident Evil 4,24-Mar-23,Rated M,91,"SURVIVAL IS JUST THE BEGINNING... Resident Evil 4 is a remake of the 2005 original Resident Evil 4. Reimagined for 2023 to bring state-of-the-art survival horror. Resident Evil 4 preserves the essence of the original game, while introducing modernized gameplay, a reimagined storyline, and vividly detailed graphics to make this the latest survival horror game where life and death, terror and catharsis intersect. 

STORY:
6 years have passed since the biological disaster in Raccoon City. Leon S. Kennedy, one of the survivors of the incident,
has been recruited as an agent reporting directly to the president of the United States. With the experience of multiple missions on his back, Leon is sent to rescue the president's kidnapped daughter. He tracks her to a secluded European village, where there is something terribly wrong with the villagers. And the curtain rises on this story of daring rescue and grueling horror.",https://www.metacritic.com/game/resident-evil-4/,
Xbox,16,Death Stranding: Director's Cut,7-Nov-24,Rated M,91,"From legendary game creator Hideo Kojima comes a genre-defying experience, now expanded and remastered for the PlayStation 5 console in this definitive Director’s Cut. In the future, a mysterious event known as the Death Stranding has opened a doorway between the living and the dead, leading to grotesque creatures from the afterlife roaming the fallen world marred by a desolate society. Take on the trials of Sam Bridges with advanced combat, more character actions and a competitive ranking system for special player challenges.* Make use of additional weapons and vehicles, take on new enemy types and explore new locations such as the Firing Range and Racetrack, featuring extra missions and minigames. Experience an extended storyline through new missions in an expanded area.",https://www.metacritic.com/game/death-stranding-directors-cut/,
Xbox,17,Alan Wake II,27-Oct-23,Rated M,90,"Shed some light on what has long been obscured by darkness. After 11 long years, the writer's return is a reality and the dangers lurking in the dark are even more sinister than the Taken roaming Bright Falls.  Alan Wake 2 turns up the level of dread as our very first dive into the survival horror genre, so expect a chilling experience with familiar psychological horror elements.  Be careful out there. Monsters wear many faces.",https://www.metacritic.com/game/alan-wake-ii/,
Xbox,18,Rogue Legacy 2,28-Apr-22,Rated E10+,90,"Rogue Legacy 2 is what you'd get if you mashed Rogue Legacy and a sequel together. Every time you die, your children will succeed you, and each child is unique. Your daughter might be a Colourblind Archer, and your son could be a Pacifistic Chef. Either way, one of them is getting conscripted.",https://www.metacritic.com/game/rogue-legacy-2/,
Xbox,19,Blue Prince,10-Apr-25,,90,"Welcome to Mt. Holly, where every dawn unveils a new mystery. Navigate through shifting corridors and ever-changing chambers in this genre-defying strategy puzzle adventure. But will your unpredictable path lead you to the rumored Room 46?",https://www.metacritic.com/game/blue-prince/,
Xbox,20,Dead Space,27-Jan-23,Rated M,90,"Developed exclusively for next generation consoles and PC, raising the level of horror and immersion to unprecedented heights for the franchise through stunning visuals, audio and controls powered by the Frostbite game engine. Fans will experience an improved story, characters, gameplay mechanics and more as they fight to survive a living nightmare aboard the desolate mining starship, the USG Ishimura, all while uncovering the dreadful mystery of what happened to the slaughtered crew and ship. 

In Dead Space, Isaac Clarke is an everyman engineer on a mission to repair a vast, sprawling starship, the USG Ishimura, only to discover something has gone horribly wrong. The ship's crew has been slaughtered and infected by some alien scourge...and Isaac's beloved partner, Nicole, is lost somewhere on board. Now Isaac is alone with only his tools and engineering skills as he attempts to uncover the nightmarish mystery of what happened aboard the Ishimura. Trapped with hostile creatures called ""necromorphs"", Isaac faces a battle for survival, not only against the escalating terrors of the ship, but his own crumbling sanity.",https://www.metacritic.com/game/dead-space/,
Xbox,21,Microsoft Flight Simulator,27-Jul-21,Rated E,90,"From light planes to wide-body jets, fly highly detailed and accurate aircraft in the next generation of Microsoft Flight Simulator. Test your piloting skills against the challenges of night flying, real-time atmospheric simulation and live weather in a dynamic and living world.",https://www.metacritic.com/game/microsoft-flight-simulator/,
Xbox,22,Street Fighter 6,2-Jun-23,Rated T,90,"Powered by Capcom’s proprietary RE ENGINE, the Street Fighter 6 experience spans across three distinct game modes featuring World Tour, Fighting Ground and Battle Hub. Diverse Roster of 18 Fighters. Play legendary masters and new fan favorites like Ryu, Chun-Li, Luke, Jamie, Kimberly and more in this latest edition with each character featuring striking new redesigns and exhilarating cinematic specials. Street Fighter 6 offers a highly evolved combat system with three control types - Classic, Modern and Dynamic - allowing you to quickly play to your skill level. The new Real Time Commentary Feature adds all the hype of a competitive match as well as easy-to-understand explanations about your gameplay. The Drive Gauge is a new system to manage your resources. Use it wisely in order to claim victory.",https://www.metacritic.com/game/street-fighter-6/,
Xbox,23,Monster Hunter Wilds,28-Feb-25,Rated T,90,"The unbridled force of nature runs wild and relentless, with environments transforming drastically from one moment to the next. This is a story of monsters and humans and their struggles to live in harmony in a world of duality. Fulfill your duty as a Hunter by tracking and defeating powerful monsters and forging strong new weapons and armor from the materials you harvest from your hunt as you uncover the connection between the people of the Forbidden Lands and the locales they inhabit. The ultimate hunting experience awaits you in Monster Hunter Wilds.

A few years past, a young boy named Nata was rescued at the border of the Forbidden Lands, an unexplored region the guild has yet to survey.
After hearing the boy’s tale of his lone escape from a mysterious monster that attacked his village, the Guild organized an expedition into the Forbidden Lands to investigate.

A Living World

Environments within the Forbidden Lands can drastically change as the weather shifts constantly and suddenly. During the harsh Fallow and perilous Inclemency periods, ravenous monsters will venture out to hunt in packs, yet during the Plenty periods, wildlife is rich and abundant.

Monsters

The monsters who inhabit these environments have been forced to adapt to the dynamic changes that occur, using their unique characteristics to survive and thrive.

Hunting

As the world around them changes, so must the hunters and their tactics. Not only will hunters have a multitude of weapons and armor to choose from, but the art of the hunt itself has evolved as hunters learn to anticipate monsters’ behavior and familiarize themselves with their environment.

Characters

From hunting partners to fellow expedition members, you’ll encounter plenty of those who will support you on your journey.",https://www.metacritic.com/game/monster-hunter-wilds/,
Xbox,24,Deathloop,20-Sep-22,Rated M,89,"If at first you don't succeed Die, Die Again. From the team at Arkane Lyon comes an innovative take on first-person action. ""DEATHLOOP"" transports players to the lawless island of Blackreef in an eternal struggle between two extraordinary assassins. Explore stunning environments and meticulously designed levels in an immersive gameplay experience that lets you approach every situation any way you like. Hunt down targets all over the island in an effort to put an end to the cycle once and for all, and remember, if at first you don't succeed die, die again.",https://www.metacritic.com/game/deathloop/,